"Time","temperatura ESP32"
2024-05-23 16:41:44,25
2024-05-23 16:41:49,25
2024-05-23 16:41:55,25
2024-05-23 16:42:01,25
2024-05-23 16:42:06,25
2024-05-23 16:42:12,25
2024-05-23 16:42:17,25
2024-05-23 16:42:23,25
2024-05-23 16:42:29,25
2024-05-23 16:42:34,25
2024-05-23 16:42:40,25
2024-05-23 16:42:46,25
2024-05-23 16:42:51,25
2024-05-23 16:42:57,25
2024-05-23 16:43:03,25
2024-05-23 16:43:08,25
2024-05-23 16:43:14,25
2024-05-23 16:43:20,25
2024-05-23 16:43:26,25
2024-05-23 16:43:32,25
2024-05-23 16:43:37,25
2024-05-23 16:43:43,25
2024-05-23 16:43:49,25
2024-05-23 16:43:54,25
2024-05-23 16:44:00,25
2024-05-23 16:44:05,25
2024-05-23 16:44:11,25
2024-05-23 16:44:17,25
2024-05-23 16:44:22,25
2024-05-23 16:44:30,25
2024-05-23 16:44:35,25
2024-05-23 16:44:41,25
2024-05-23 16:44:47,25
2024-05-23 16:44:53,25
2024-05-23 16:44:58,25
2024-05-23 16:45:04,25
2024-05-23 16:45:10,25
2024-05-23 16:45:15,25
2024-05-23 16:45:21,25
2024-05-23 16:45:27,25
2024-05-23 16:45:33,25
2024-05-23 16:45:39,25
2024-05-23 16:45:44,25
2024-05-23 16:45:50,25
2024-05-23 16:45:56,25
2024-05-23 16:46:01,25
2024-05-23 16:46:07,25
2024-05-23 16:46:13,25
2024-05-23 16:46:18,25
2024-05-23 16:46:24,25
2024-05-23 16:46:30,25
2024-05-23 16:46:36,25
2024-05-23 16:46:42,25
2024-05-23 16:46:47,25
2024-05-23 16:46:53,25
2024-05-23 16:46:59,25
2024-05-23 16:47:04,25
2024-05-23 16:47:10,25
2024-05-23 16:47:16,25
2024-05-23 16:47:21,25
2024-05-23 16:47:27,25
2024-05-23 16:47:32,25
2024-05-23 16:47:40,25
2024-05-23 16:47:45,25
2024-05-23 16:47:51,25
2024-05-23 16:47:57,25
2024-05-23 16:48:02,25
2024-05-23 16:48:08,25
2024-05-23 16:48:14,25
2024-05-23 16:48:19,25
2024-05-23 16:48:25,25
2024-05-23 16:48:31,25
2024-05-23 16:48:36,25
2024-05-23 16:48:42,25
2024-05-23 16:48:47,25
2024-05-23 16:48:53,25
2024-05-23 16:48:59,25
2024-05-23 16:49:04,25
2024-05-23 16:49:10,25
2024-05-23 16:49:16,25
2024-05-23 16:49:21,25
2024-05-23 16:49:27,25
2024-05-23 16:49:33,25
2024-05-23 16:49:38,25
2024-05-23 16:49:44,25
2024-05-23 16:49:49,25
2024-05-23 16:49:55,25
2024-05-23 16:50:01,25
2024-05-23 16:50:06,25
2024-05-23 16:50:12,25
2024-05-23 16:50:18,25
2024-05-23 16:50:23,25
2024-05-23 16:50:29,25
2024-05-23 16:50:35,25
2024-05-23 16:50:40,25
2024-05-23 16:50:46,25
2024-05-23 16:50:51,25
2024-05-23 16:50:57,25
2024-05-23 16:51:02,25
2024-05-23 16:51:08,25
2024-05-23 16:51:14,25
2024-05-23 16:51:19,25
2024-05-23 16:51:25,25
2024-05-23 16:51:31,25
2024-05-23 16:51:36,25
2024-05-23 16:51:42,25
2024-05-23 16:51:48,25
2024-05-23 16:51:53,25
2024-05-23 16:51:59,25
2024-05-23 16:52:04,25
2024-05-23 16:52:10,25
2024-05-23 16:52:16,25
2024-05-23 16:52:21,25
2024-05-23 16:52:27,25
2024-05-23 16:52:33,25
2024-05-23 16:52:38,25
2024-05-23 16:52:44,25
2024-05-23 16:52:50,25
2024-05-23 16:52:55,25
2024-05-23 16:53:01,25
2024-05-23 16:53:07,25
2024-05-23 16:53:12,25
2024-05-23 16:53:18,25
2024-05-23 16:53:23,25
2024-05-23 16:53:29,25
2024-05-23 16:53:35,25
2024-05-23 16:53:40,25
2024-05-23 16:53:46,25
2024-05-23 16:53:52,25
2024-05-23 16:53:57,25
2024-05-23 16:54:03,25
2024-05-23 16:54:08,25
2024-05-23 16:54:14,25
2024-05-23 16:54:20,25
2024-05-23 16:54:25,25
2024-05-23 16:54:31,25
2024-05-23 16:54:37,25
2024-05-23 16:54:42,25
2024-05-23 16:54:48,25
2024-05-23 16:54:53,25
2024-05-23 16:54:59,25
2024-05-23 16:55:05,25
2024-05-23 16:55:10,25
2024-05-23 16:55:16,25
2024-05-23 16:55:22,25
2024-05-23 16:55:27,25
2024-05-23 16:55:33,25
2024-05-23 16:55:38,25
2024-05-23 16:55:44,25
2024-05-23 16:55:50,25
2024-05-23 16:55:55,25
2024-05-23 16:56:01,25
2024-05-23 16:56:06,25
2024-05-23 16:56:12,25
2024-05-23 16:56:18,25
2024-05-23 16:56:23,25
2024-05-23 16:56:29,25
2024-05-23 16:56:35,25
2024-05-23 16:56:40,25
2024-05-23 16:56:46,25
2024-05-23 16:56:52,25
2024-05-23 16:56:57,25
2024-05-23 16:57:03,25
2024-05-23 16:57:09,25
2024-05-23 16:57:14,25
2024-05-23 16:57:20,25
2024-05-23 16:57:25,25
2024-05-23 16:57:31,25
2024-05-23 16:57:37,25
2024-05-23 16:57:42,25
2024-05-23 16:57:48,25
2024-05-23 16:57:54,25
2024-05-23 16:57:59,25
2024-05-23 16:58:05,25
2024-05-23 16:58:12,25
2024-05-23 16:58:17,25
2024-05-23 16:58:23,25
2024-05-23 16:58:28,25
2024-05-23 16:58:34,25
2024-05-23 16:58:40,25
2024-05-23 16:58:45,25
2024-05-23 16:58:51,25
2024-05-23 16:58:57,25
2024-05-23 16:59:02,25
2024-05-23 16:59:08,25
2024-05-23 16:59:13,25
2024-05-23 16:59:19,25
2024-05-23 16:59:25,25
2024-05-23 16:59:30,25
2024-05-23 16:59:36,25
2024-05-23 16:59:42,25
2024-05-23 16:59:47,25
2024-05-23 16:59:53,25
2024-05-23 16:59:59,25
2024-05-23 17:00:04,25
2024-05-23 17:00:10,25
2024-05-23 17:00:16,25
2024-05-23 17:00:21,25
2024-05-23 17:00:27,25
2024-05-23 17:00:32,25
2024-05-23 17:00:38,25
2024-05-23 17:00:44,25
2024-05-23 17:00:49,25
2024-05-23 17:00:55,25
2024-05-23 17:01:01,25
2024-05-23 17:01:06,25
2024-05-23 17:01:12,25
2024-05-23 17:01:18,25
2024-05-23 17:01:24,25
2024-05-23 17:01:30,25
2024-05-23 17:01:35,25
2024-05-23 17:01:41,25
2024-05-23 17:01:46,25
2024-05-23 17:01:52,25
2024-05-23 17:01:58,25
2024-05-23 17:02:03,25
2024-05-23 17:02:09,25
2024-05-23 17:02:15,25
2024-05-23 17:02:21,25
2024-05-23 17:02:27,25
2024-05-23 17:02:32,25
2024-05-23 17:02:38,25
2024-05-23 17:02:44,25
2024-05-23 17:02:49,25
2024-05-23 17:02:55,25
2024-05-23 17:03:01,25
2024-05-23 17:03:06,25
2024-05-23 17:03:12,25
2024-05-23 17:03:17,25
2024-05-23 17:03:23,25
2024-05-23 17:03:29,25
2024-05-23 17:03:34,25
2024-05-23 17:03:40,25
2024-05-23 17:03:46,25
2024-05-23 17:03:51,25
2024-05-23 17:03:57,25
2024-05-23 17:04:03,25
2024-05-23 17:04:08,25
2024-05-23 17:04:14,25
2024-05-23 17:04:19,25
2024-05-23 17:04:25,25
2024-05-23 17:04:31,25
2024-05-23 17:04:36,25
2024-05-23 17:04:42,25
2024-05-23 17:04:47,25
2024-05-23 17:04:53,25
2024-05-23 17:04:59,25
2024-05-23 17:05:04,25
2024-05-23 17:05:10,25
2024-05-23 17:05:16,25
2024-05-23 17:05:21,25
2024-05-23 17:05:29,25
2024-05-23 17:05:35,25
2024-05-23 17:05:40,25
2024-05-23 17:05:46,25
2024-05-23 17:05:51,25
2024-05-23 17:05:57,25
2024-05-23 17:06:03,25
2024-05-23 17:06:08,25
2024-05-23 17:06:14,25
2024-05-23 17:06:20,25
2024-05-23 17:06:25,25
2024-05-23 17:06:32,25
2024-05-23 17:06:37,25
2024-05-23 17:06:43,25
2024-05-23 17:06:49,25
2024-05-23 17:06:54,25
2024-05-23 17:07:00,25
2024-05-23 17:07:06,25
2024-05-23 17:07:11,25
2024-05-23 17:07:17,25
2024-05-23 17:07:23,25
2024-05-23 17:07:28,25
2024-05-23 17:07:34,25
2024-05-23 17:07:39,25
2024-05-23 17:07:45,25
2024-05-23 17:07:51,25
2024-05-23 17:07:56,25
2024-05-23 17:08:02,25
2024-05-23 17:08:07,25
2024-05-23 17:08:13,25
2024-05-23 17:08:19,25
2024-05-23 17:08:24,25
2024-05-23 17:08:30,25
2024-05-23 17:08:36,25
2024-05-23 17:08:41,25
2024-05-23 17:08:47,25
2024-05-23 17:08:52,25
2024-05-23 17:08:58,25
2024-05-23 17:09:04,25
2024-05-23 17:09:09,25
2024-05-23 17:09:15,25
2024-05-23 17:09:20,25
2024-05-23 17:09:26,25
2024-05-23 17:09:32,25
2024-05-23 17:09:38,25
2024-05-23 17:09:44,25
2024-05-23 17:09:49,25
2024-05-23 17:09:55,25
2024-05-23 17:10:01,25
2024-05-23 17:10:06,25
2024-05-23 17:10:12,25
2024-05-23 17:10:18,25
2024-05-23 17:10:23,25
2024-05-23 17:10:29,25
2024-05-23 17:10:34,25
2024-05-23 17:10:40,25
2024-05-23 17:10:46,25
2024-05-23 17:10:51,25
2024-05-23 17:10:57,25
2024-05-23 17:11:02,25
2024-05-23 17:11:08,25
2024-05-23 17:11:14,25
2024-05-23 17:11:19,25
2024-05-23 17:11:25,25
2024-05-23 17:11:31,25
2024-05-23 17:11:36,25
2024-05-23 17:11:42,25
2024-05-23 17:11:48,25
2024-05-23 17:11:53,25
2024-05-23 17:11:59,25
2024-05-23 17:12:04,25
2024-05-23 17:12:10,25
2024-05-23 17:12:16,25
2024-05-23 17:12:21,25
2024-05-23 17:12:27,25
2024-05-23 17:12:32,25
2024-05-23 17:12:38,25
2024-05-23 17:12:44,25
2024-05-23 17:12:49,25
2024-05-23 17:12:55,25
2024-05-23 17:13:00,25
2024-05-23 17:13:06,25
2024-05-23 17:13:12,25
2024-05-23 17:13:17,25
2024-05-23 17:13:23,25
2024-05-23 17:13:28,25
2024-05-23 17:13:34,25
2024-05-23 17:13:40,25
2024-05-23 17:13:46,25
2024-05-23 17:13:52,25
2024-05-23 17:13:57,25
2024-05-23 17:14:03,25
2024-05-23 17:14:09,25
2024-05-23 17:14:14,25
2024-05-23 17:14:20,25
2024-05-23 17:14:26,25
2024-05-23 17:14:31,25
2024-05-23 17:14:37,25
2024-05-23 17:14:42,25
2024-05-23 17:14:48,25
2024-05-23 17:14:54,25
2024-05-23 17:14:59,25
2024-05-23 17:15:05,25
2024-05-23 17:15:11,25
2024-05-23 17:15:16,25
2024-05-23 17:15:22,25
2024-05-23 17:15:27,25
2024-05-23 17:15:33,25
2024-05-23 17:15:39,25
2024-05-23 17:15:44,25
2024-05-23 17:15:51,25
2024-05-23 17:15:56,25
2024-05-23 17:16:02,25
2024-05-23 17:16:08,25
2024-05-23 17:16:13,25
2024-05-23 17:16:19,25
2024-05-23 17:16:25,25
2024-05-23 17:16:30,25
2024-05-23 17:16:36,25
2024-05-23 17:16:41,25
2024-05-23 17:16:47,25
2024-05-23 17:16:53,25
2024-05-23 17:16:58,25
2024-05-23 17:17:04,25
2024-05-23 17:17:10,25
2024-05-23 17:17:15,25
2024-05-23 17:17:21,25
2024-05-23 17:17:27,25
2024-05-23 17:17:32,25
2024-05-23 17:17:38,25
2024-05-23 17:17:43,25
2024-05-23 17:17:49,25
2024-05-23 17:17:55,25
2024-05-23 17:18:00,25
2024-05-23 17:18:06,25
2024-05-23 17:18:12,25
2024-05-23 17:18:17,25
2024-05-23 17:18:23,25
2024-05-23 17:18:29,25
2024-05-23 17:18:34,25
2024-05-23 17:18:40,25
2024-05-23 17:18:45,25
2024-05-23 17:18:51,25
2024-05-23 17:18:58,25
2024-05-23 17:19:03,25
2024-05-23 17:19:09,25
2024-05-23 17:19:15,25
2024-05-23 17:19:20,25
2024-05-23 17:19:26,25
2024-05-23 17:19:32,25
2024-05-23 17:19:37,25
2024-05-23 17:19:43,25
2024-05-23 17:19:49,25
2024-05-23 17:19:54,25
2024-05-23 17:20:02,25
2024-05-23 17:20:07,25
2024-05-23 17:20:13,25
2024-05-23 17:20:18,25
2024-05-23 17:20:24,25
2024-05-23 17:20:30,25
2024-05-23 17:20:35,25
2024-05-23 17:20:41,25
2024-05-23 17:20:47,25
2024-05-23 17:20:52,25
2024-05-23 17:20:58,25
2024-05-23 17:21:04,25
2024-05-23 17:21:10,25
2024-05-23 17:21:16,25
2024-05-23 17:21:21,25
2024-05-23 17:21:27,25
2024-05-23 17:21:33,25
2024-05-23 17:21:38,25
2024-05-23 17:21:44,25
2024-05-23 17:21:50,25
2024-05-23 17:21:55,25
2024-05-23 17:22:01,25
2024-05-23 17:22:07,25
2024-05-23 17:22:12,25
2024-05-23 17:22:18,25
2024-05-23 17:22:24,25
2024-05-23 17:22:29,25
2024-05-23 17:22:35,25
2024-05-23 17:22:40,25
2024-05-23 17:22:46,25
2024-05-23 17:22:52,25
2024-05-23 17:22:57,25
2024-05-23 17:23:03,25
2024-05-23 17:23:10,25
2024-05-23 17:23:15,25
2024-05-23 17:23:21,25
2024-05-23 17:23:27,25
2024-05-23 17:23:32,25
2024-05-23 17:23:38,25
2024-05-23 17:23:43,25
2024-05-23 17:23:49,25
2024-05-23 17:23:55,25
2024-05-23 17:24:00,25
2024-05-23 17:24:06,25
2024-05-23 17:24:12,25
2024-05-23 17:24:17,25
2024-05-23 17:24:23,25
2024-05-23 17:24:29,25
2024-05-23 17:24:34,25
2024-05-23 17:24:40,25
2024-05-23 17:24:46,25
2024-05-23 17:24:51,25
2024-05-23 17:24:57,25
2024-05-23 17:25:03,25
2024-05-23 17:25:08,25
2024-05-23 17:25:14,25
2024-05-23 17:25:20,25
2024-05-23 17:25:25,25
2024-05-23 17:25:31,25
2024-05-23 17:25:36,25
2024-05-23 17:25:42,25
2024-05-23 17:25:48,25
2024-05-23 17:25:53,25
2024-05-23 17:25:59,25
2024-05-23 17:26:05,25
2024-05-23 17:26:11,25
2024-05-23 17:26:17,25
2024-05-23 17:26:23,25
2024-05-23 17:26:28,25
2024-05-23 17:26:34,25
2024-05-23 17:26:40,25
2024-05-23 17:26:45,25
2024-05-23 17:26:51,25
2024-05-23 17:26:57,25
2024-05-23 17:27:02,25
2024-05-23 17:27:08,25
2024-05-23 17:27:13,25
2024-05-23 17:27:19,25
2024-05-23 17:27:25,25
2024-05-23 17:27:30,25
2024-05-23 17:27:36,25
2024-05-23 17:27:42,25
2024-05-23 17:27:48,25
2024-05-23 17:27:53,25
2024-05-23 17:27:59,25
2024-05-23 17:28:05,25
2024-05-23 17:28:10,25
2024-05-23 17:28:16,25
2024-05-23 17:28:22,25
2024-05-23 17:28:27,25
2024-05-23 17:28:33,25
2024-05-23 17:28:39,25
2024-05-23 17:28:44,25
2024-05-23 17:28:50,25
2024-05-23 17:28:55,25
2024-05-23 17:29:01,25
2024-05-23 17:29:07,25
2024-05-23 17:29:12,25
2024-05-23 17:29:18,25
2024-05-23 17:29:24,25
2024-05-23 17:29:30,25
2024-05-23 17:29:36,25
2024-05-23 17:29:41,25
2024-05-23 17:29:47,25
2024-05-23 17:29:52,25
2024-05-23 17:29:58,25
2024-05-23 17:30:04,25
2024-05-23 17:30:09,25
2024-05-23 17:30:15,25
2024-05-23 17:30:21,25
2024-05-23 17:30:27,25
2024-05-23 17:30:32,25
2024-05-23 17:30:38,25
2024-05-23 17:30:44,25
2024-05-23 17:30:49,25
2024-05-23 17:30:55,25
2024-05-23 17:31:00,25
2024-05-23 17:31:06,25
2024-05-23 17:31:12,25
2024-05-23 17:31:17,25
2024-05-23 17:31:23,25
2024-05-23 17:31:31,25
2024-05-23 17:31:36,25
2024-05-23 17:31:42,25
2024-05-23 17:31:48,25
2024-05-23 17:31:53,25
2024-05-23 17:31:59,25
2024-05-23 17:32:05,25
2024-05-23 17:32:10,25
2024-05-23 17:32:16,25
2024-05-23 17:32:22,25
2024-05-23 17:32:27,25
2024-05-23 17:32:33,25
2024-05-23 17:32:39,25
2024-05-23 17:32:44,25
2024-05-23 17:32:50,25
2024-05-23 17:32:55,25
2024-05-23 17:33:01,25
2024-05-23 17:33:07,25
2024-05-23 17:33:12,25
2024-05-23 17:33:18,25
2024-05-23 17:33:24,25
2024-05-23 17:33:29,25
2024-05-23 17:33:35,25
2024-05-23 17:33:41,25
2024-05-23 17:33:46,25
2024-05-23 17:33:52,25
2024-05-23 17:33:58,25
2024-05-23 17:34:03,25
2024-05-23 17:34:09,25
2024-05-23 17:34:14,25
2024-05-23 17:34:20,25
2024-05-23 17:34:26,25
2024-05-23 17:34:31,25
2024-05-23 17:34:37,25
2024-05-23 17:34:43,25
2024-05-23 17:34:48,25
2024-05-23 17:34:54,25
2024-05-23 17:35:00,25
2024-05-23 17:35:05,25
2024-05-23 17:35:11,25
2024-05-23 17:35:17,25
2024-05-23 17:35:22,25
2024-05-23 17:35:28,25
2024-05-23 17:35:33,25
2024-05-23 17:35:39,25
2024-05-23 17:35:45,25
2024-05-23 17:35:50,25
2024-05-23 17:35:56,25
2024-05-23 17:36:02,25
2024-05-23 17:36:07,25
2024-05-23 17:36:13,25
2024-05-23 17:36:19,25
2024-05-23 17:36:24,25
2024-05-23 17:36:30,25
2024-05-23 17:36:36,25
2024-05-23 17:36:41,25
2024-05-23 17:36:47,25
2024-05-23 17:36:52,25
2024-05-23 17:36:58,25
2024-05-23 17:37:04,25
2024-05-23 17:37:09,25
2024-05-23 17:37:15,25
2024-05-23 17:37:21,25
2024-05-23 17:37:26,25
2024-05-23 17:37:32,25
2024-05-23 17:37:38,25
2024-05-23 17:37:43,25
2024-05-23 17:37:49,25
2024-05-23 17:37:54,25
2024-05-23 17:38:00,25
2024-05-23 17:38:06,25
2024-05-23 17:38:11,25
2024-05-23 17:38:17,25
2024-05-23 17:38:23,25
2024-05-23 17:38:28,25
2024-05-23 17:38:34,25
2024-05-23 17:38:40,25
2024-05-23 17:38:46,25
2024-05-23 17:38:51,25
2024-05-23 17:38:57,25
2024-05-23 17:39:02,25
2024-05-23 17:39:08,25
2024-05-23 17:39:14,25
2024-05-23 17:39:19,25
2024-05-23 17:39:25,25
2024-05-23 17:39:31,25
2024-05-23 17:39:36,25
2024-05-23 17:39:42,25
2024-05-23 17:39:48,25
2024-05-23 17:39:53,25
2024-05-23 17:39:59,25
2024-05-23 17:40:05,25
2024-05-23 17:40:10,25
2024-05-23 17:40:16,25
2024-05-23 17:40:22,25
2024-05-23 17:40:27,25
2024-05-23 17:40:33,25
2024-05-23 17:40:39,25
2024-05-23 17:40:44,25
2024-05-23 17:40:50,25
2024-05-23 17:40:56,25
2024-05-23 17:41:01,25
2024-05-23 17:41:07,25
2024-05-23 17:41:13,25
2024-05-23 17:41:18,25
2024-05-23 17:41:24,25
2024-05-23 17:41:30,25
2024-05-23 17:41:35,25
2024-05-23 17:41:41,25
2024-05-23 17:41:46,25
2024-05-23 17:41:52,25
2024-05-23 17:41:58,25
2024-05-23 17:42:03,25
2024-05-23 17:42:09,25
2024-05-23 17:42:15,25
2024-05-23 17:42:20,25
2024-05-23 17:42:26,25
2024-05-23 17:42:31,25
2024-05-23 17:42:37,25
2024-05-23 17:42:43,25
2024-05-23 17:42:49,25
2024-05-23 17:42:54,25
2024-05-23 17:43:00,25
2024-05-23 17:43:06,25
2024-05-23 17:43:11,25
2024-05-23 17:43:17,25
2024-05-23 17:43:23,25
2024-05-23 17:43:28,25
2024-05-23 17:43:34,25
2024-05-23 17:43:40,25
2024-05-23 17:43:45,25
2024-05-23 17:43:51,25
2024-05-23 17:44:01,25
2024-05-23 17:44:07,25
2024-05-23 17:44:12,25
2024-05-23 17:44:18,25
2024-05-23 17:44:24,24.9
2024-05-23 17:44:29,25
2024-05-23 17:44:35,25
2024-05-23 17:44:40,24.9
2024-05-23 17:44:46,24.9
2024-05-23 17:44:52,24.9
2024-05-23 17:44:57,24.9
2024-05-23 17:45:03,24.9
2024-05-23 17:45:09,24.9
2024-05-23 17:45:14,24.9
2024-05-23 17:45:20,24.9
2024-05-23 17:45:26,24.9
2024-05-23 17:45:31,24.9
2024-05-23 17:45:37,24.9
2024-05-23 17:45:42,24.9
2024-05-23 17:45:48,24.9
2024-05-23 17:45:54,24.9
2024-05-23 17:45:59,24.9
2024-05-23 17:46:05,24.9
2024-05-23 17:46:11,24.9
2024-05-23 17:46:16,24.9
2024-05-23 17:46:22,24.9
2024-05-23 17:46:27,24.9
2024-05-23 17:46:33,24.9
2024-05-23 17:46:39,24.9
2024-05-23 17:46:44,24.9
2024-05-23 17:46:50,24.9
2024-05-23 17:46:56,24.9
2024-05-23 17:47:01,24.9
2024-05-23 17:47:07,24.9
2024-05-23 17:47:13,24.9
2024-05-23 17:47:18,24.9
2024-05-23 17:47:24,24.9
2024-05-23 17:47:30,24.9
2024-05-23 17:47:35,24.9
2024-05-23 17:47:41,24.9
2024-05-23 17:47:46,24.9
2024-05-23 17:47:52,24.9
2024-05-23 17:47:58,24.9
2024-05-23 17:48:03,24.9
2024-05-23 17:48:09,24.9
2024-05-23 17:48:15,24.9
2024-05-23 17:48:20,24.9
2024-05-23 17:48:26,24.9
2024-05-23 17:48:32,24.9
2024-05-23 17:48:37,24.9
2024-05-23 17:48:43,24.9
2024-05-23 17:48:48,24.9
2024-05-23 17:48:54,24.9
2024-05-23 17:49:00,24.9
2024-05-23 17:49:05,24.9
2024-05-23 17:49:11,24.9
2024-05-23 17:49:17,24.9
2024-05-23 17:49:22,24.9
2024-05-23 17:49:28,24.9
2024-05-23 17:49:34,24.9
2024-05-23 17:49:39,24.9
2024-05-23 17:49:45,24.9
2024-05-23 17:49:50,24.9
2024-05-23 17:49:56,24.9
2024-05-23 17:50:02,24.9
2024-05-23 17:50:07,24.9
2024-05-23 17:50:15,24.9
2024-05-23 17:50:20,24.9
2024-05-23 17:50:26,24.9
2024-05-23 17:50:32,24.9
2024-05-23 17:50:37,24.9
2024-05-23 17:50:43,24.9
2024-05-23 17:50:48,24.9
2024-05-23 17:50:54,24.9
2024-05-23 17:51:00,24.9
2024-05-23 17:51:05,24.9
2024-05-23 17:51:11,24.9
2024-05-23 17:51:17,24.9
2024-05-23 17:51:22,24.9
2024-05-23 17:51:28,24.9
2024-05-23 17:51:34,24.9
2024-05-23 17:51:39,24.9
2024-05-23 17:51:45,24.9
2024-05-23 17:51:51,24.9
2024-05-23 17:51:56,24.9
2024-05-23 17:52:02,24.9
2024-05-23 17:52:08,24.9
2024-05-23 17:52:13,24.9
2024-05-23 17:52:20,24.9
2024-05-23 17:52:26,24.9
2024-05-23 17:52:32,24.9
2024-05-23 17:52:37,24.9
2024-05-23 17:52:43,24.9
2024-05-23 17:52:49,24.9
2024-05-23 17:52:54,24.9
2024-05-23 17:53:00,24.9
2024-05-23 17:53:05,24.9
2024-05-23 17:53:11,24.9
2024-05-23 17:53:17,24.9
2024-05-23 17:53:22,24.9
2024-05-23 17:53:28,24.9
2024-05-23 17:53:34,24.9
2024-05-23 17:53:39,24.9
2024-05-23 17:53:45,24.9
2024-05-23 17:53:51,24.9
2024-05-23 17:53:56,24.9
2024-05-23 17:54:02,24.9
2024-05-23 17:54:07,24.9
2024-05-23 17:54:13,24.9
2024-05-23 17:54:19,24.9
2024-05-23 17:54:26,24.9
2024-05-23 17:54:32,24.9
2024-05-23 17:54:37,24.9
2024-05-23 17:54:43,24.9
2024-05-23 17:54:49,24.9
2024-05-23 17:54:54,24.9
2024-05-23 17:55:00,24.9
2024-05-23 17:55:05,24.9
2024-05-23 17:55:11,24.9
2024-05-23 17:55:17,24.9
2024-05-23 17:55:22,24.9
2024-05-23 17:55:28,24.9
2024-05-23 17:55:33,24.9
2024-05-23 17:55:39,24.9
2024-05-23 17:55:45,24.9
2024-05-23 17:55:50,24.9
2024-05-23 17:55:56,24.9
2024-05-23 17:56:04,24.9
2024-05-23 17:56:10,24.9
2024-05-23 17:56:15,24.9
2024-05-23 17:56:21,24.9
2024-05-23 17:56:27,24.9
2024-05-23 17:56:32,24.9
2024-05-23 17:56:38,24.9
2024-05-23 17:56:44,24.9
2024-05-23 17:56:49,24.9
2024-05-23 17:56:55,24.9
2024-05-23 17:57:01,24.9
2024-05-23 17:57:06,24.9
2024-05-23 17:57:12,24.9
2024-05-23 17:57:17,24.9
2024-05-23 17:57:23,24.9
2024-05-23 17:57:29,24.9
2024-05-23 17:57:35,24.9
2024-05-23 17:57:41,24.9
2024-05-23 17:57:47,24.9
2024-05-23 17:57:52,24.9
2024-05-23 17:57:58,24.9
2024-05-23 17:58:04,24.9
2024-05-23 17:58:09,24.9
2024-05-23 17:58:15,24.9
2024-05-23 17:58:21,24.9
2024-05-23 17:58:26,24.9
2024-05-23 17:58:32,24.9
2024-05-23 17:58:38,24.9
2024-05-23 17:58:43,24.9
2024-05-23 17:58:49,24.9
2024-05-23 17:58:54,24.9
2024-05-23 17:59:00,24.9
2024-05-23 17:59:06,24.9
2024-05-23 17:59:11,24.9
2024-05-23 17:59:17,24.9
2024-05-23 17:59:22,24.9
2024-05-23 17:59:28,24.9
2024-05-23 17:59:34,24.9
2024-05-23 17:59:39,24.9
2024-05-23 17:59:45,24.9
2024-05-23 17:59:51,24.9
2024-05-23 17:59:57,24.9
2024-05-23 18:00:02,24.9
2024-05-23 18:00:08,24.9
2024-05-23 18:00:13,24.9
2024-05-23 18:00:19,24.8
2024-05-23 18:00:25,24.8
2024-05-23 18:00:30,24.8
2024-05-23 18:00:36,24.8
2024-05-23 18:00:42,24.8
2024-05-23 18:00:48,24.8
2024-05-23 18:00:53,24.8
2024-05-23 18:00:59,24.8
2024-05-23 18:01:04,24.8
2024-05-23 18:01:10,24.8
2024-05-23 18:01:16,24.8
2024-05-23 18:01:21,24.8
2024-05-23 18:01:27,24.8
2024-05-23 18:01:32,24.8
2024-05-23 18:01:38,24.8
2024-05-23 18:01:45,24.8
2024-05-23 18:01:50,24.8
2024-05-23 18:01:56,24.8
2024-05-23 18:02:01,24.8
2024-05-23 18:02:07,24.8
2024-05-23 18:02:13,24.8
2024-05-23 18:02:18,24.8
2024-05-23 18:02:24,24.8
2024-05-23 18:02:30,24.8
2024-05-23 18:02:35,24.8
2024-05-23 18:02:41,24.8
2024-05-23 18:02:47,24.8
2024-05-23 18:02:52,24.8
2024-05-23 18:02:58,24.8
2024-05-23 18:03:04,24.8
2024-05-23 18:03:09,24.8
2024-05-23 18:03:15,24.8
2024-05-23 18:03:20,24.8
2024-05-23 18:03:26,24.8
2024-05-23 18:03:32,24.8
2024-05-23 18:03:37,24.8
2024-05-23 18:03:43,24.8
2024-05-23 18:03:49,24.8
2024-05-23 18:03:54,24.8
2024-05-23 18:04:00,24.8
2024-05-23 18:04:06,24.8
2024-05-23 18:04:11,24.8
2024-05-23 18:04:17,24.8
2024-05-23 18:04:23,24.8
2024-05-23 18:04:28,24.8
2024-05-23 18:04:34,24.8
2024-05-23 18:04:39,24.8
2024-05-23 18:04:45,24.8
2024-05-23 18:04:52,24.8
2024-05-23 18:04:57,24.8
2024-05-23 18:05:03,24.8
2024-05-23 18:05:08,24.8
2024-05-23 18:05:14,24.8
2024-05-23 18:05:20,24.8
2024-05-23 18:05:25,24.8
2024-05-23 18:05:31,24.8
2024-05-23 18:05:37,24.8
2024-05-23 18:05:42,24.8
2024-05-23 18:05:48,24.8
2024-05-23 18:05:54,24.8
2024-05-23 18:05:59,24.8
2024-05-23 18:06:05,24.8
2024-05-23 18:06:11,24.8
2024-05-23 18:06:16,24.8
2024-05-23 18:06:22,24.8
2024-05-23 18:06:28,24.8
2024-05-23 18:06:33,24.8
2024-05-23 18:06:39,24.8
2024-05-23 18:06:44,24.9
2024-05-23 18:06:50,24.9
2024-05-23 18:06:56,24.9
2024-05-23 18:07:02,24.9
2024-05-23 18:07:08,24.9
2024-05-23 18:07:13,24.9
2024-05-23 18:07:19,24.9
2024-05-23 18:07:25,24.9
2024-05-23 18:07:30,24.9
2024-05-23 18:07:36,24.9
2024-05-23 18:07:42,24.9
2024-05-23 18:07:47,24.9
2024-05-23 18:07:53,24.9
2024-05-23 18:07:59,24.9
2024-05-23 18:08:04,24.9
2024-05-23 18:08:10,24.9
2024-05-23 18:08:15,24.9
2024-05-23 18:08:21,24.9
2024-05-23 18:08:27,24.9
2024-05-23 18:08:32,24.9
2024-05-23 18:08:38,24.9
2024-05-23 18:08:44,24.9
2024-05-23 18:08:49,24.9
2024-05-23 18:08:55,24.9
2024-05-23 18:09:01,24.9
2024-05-23 18:09:07,24.9
2024-05-23 18:09:12,24.9
2024-05-23 18:09:18,24.9
2024-05-23 18:09:24,24.9
2024-05-23 18:09:29,24.9
2024-05-23 18:09:35,24.9
2024-05-23 18:09:41,24.9
2024-05-23 18:09:46,24.9
2024-05-23 18:09:52,24.9
2024-05-23 18:09:57,24.9
2024-05-23 18:10:03,24.9
2024-05-23 18:10:09,24.9
2024-05-23 18:10:14,24.9
2024-05-23 18:10:20,24.9
2024-05-23 18:10:26,24.9
2024-05-23 18:10:31,24.9
2024-05-23 18:10:37,24.9
2024-05-23 18:10:42,24.9
2024-05-23 18:10:48,24.9
2024-05-23 18:10:54,24.9
2024-05-23 18:10:59,24.9
2024-05-23 18:11:06,24.9
2024-05-23 18:11:12,24.9
2024-05-23 18:11:17,24.9
2024-05-23 18:11:23,24.9
2024-05-23 18:11:29,24.9
2024-05-23 18:11:34,24.9
2024-05-23 18:11:40,24.9
2024-05-23 18:11:45,24.9
2024-05-23 18:11:51,24.8
2024-05-23 18:11:57,24.8
2024-05-23 18:12:02,24.8
2024-05-23 18:12:08,24.8
2024-05-23 18:12:14,24.8
2024-05-23 18:12:19,24.8
2024-05-23 18:12:25,24.8
2024-05-23 18:12:31,24.8
2024-05-23 18:12:36,24.8
2024-05-23 18:12:42,24.8
2024-05-23 18:12:48,24.8
2024-05-23 18:12:53,24.8
2024-05-23 18:12:59,24.8
2024-05-23 18:13:04,24.8
2024-05-23 18:13:10,24.8
2024-05-23 18:13:16,24.8
2024-05-23 18:13:22,24.8
2024-05-23 18:13:27,24.8
2024-05-23 18:13:33,24.8
2024-05-23 18:13:39,24.8
2024-05-23 18:13:44,24.8
2024-05-23 18:13:50,24.8
2024-05-23 18:13:55,24.8
2024-05-23 18:14:01,24.8
2024-05-23 18:14:07,24.7
2024-05-23 18:14:14,24.7
2024-05-23 18:14:20,24.7
2024-05-23 18:14:25,24.7
2024-05-23 18:14:31,24.7
2024-05-23 18:14:37,24.7
2024-05-23 18:14:42,24.7
2024-05-23 18:14:48,24.7
2024-05-23 18:14:54,24.7
2024-05-23 18:14:59,24.7
2024-05-23 18:15:05,24.7
2024-05-23 18:15:11,24.7
2024-05-23 18:15:17,24.7
2024-05-23 18:15:23,24.7
2024-05-23 18:15:29,24.7
2024-05-23 18:15:34,24.7
2024-05-23 18:15:40,24.7
2024-05-23 18:15:46,24.7
2024-05-23 18:15:51,24.6
2024-05-23 18:15:57,24.6
2024-05-23 18:16:02,24.6
2024-05-23 18:16:08,24.6
2024-05-23 18:16:14,24.6
2024-05-23 18:16:19,24.6
2024-05-23 18:16:25,24.6
2024-05-23 18:16:30,24.6
2024-05-23 18:16:36,24.6
2024-05-23 18:16:42,24.6
2024-05-23 18:16:47,24.6
2024-05-23 18:16:53,24.6
2024-05-23 18:16:59,24.6
2024-05-23 18:17:04,24.6
2024-05-23 18:17:10,24.6
2024-05-23 18:17:16,24.5
2024-05-23 18:17:21,24.5
2024-05-23 18:17:27,24.5
2024-05-23 18:17:32,24.5
2024-05-23 18:17:38,24.5
2024-05-23 18:17:44,24.5
2024-05-23 18:17:49,24.5
2024-05-23 18:17:55,24.5
2024-05-23 18:18:01,24.5
2024-05-23 18:18:06,24.5
2024-05-23 18:18:12,24.5
2024-05-23 18:18:17,24.5
2024-05-23 18:18:23,24.5
2024-05-23 18:18:29,24.4
2024-05-23 18:18:34,24.4
2024-05-23 18:18:40,24.4
2024-05-23 18:18:46,24.4
2024-05-23 18:18:51,24.4
2024-05-23 18:18:57,24.4
2024-05-23 18:19:03,24.4
2024-05-23 18:19:08,24.4
2024-05-23 18:19:14,24.4
2024-05-23 18:19:19,24.4
2024-05-23 18:19:25,24.4
2024-05-23 18:19:31,24.4
2024-05-23 18:19:36,24.4
2024-05-23 18:19:42,24.4
2024-05-23 18:19:48,24.4
2024-05-23 18:19:53,24.4
2024-05-23 18:19:59,24.4
2024-05-23 18:20:05,24.4
2024-05-23 18:20:10,24.4
2024-05-23 18:20:16,24.4
2024-05-23 18:20:21,24.4
2024-05-23 18:20:29,24.4
2024-05-23 18:20:35,24.4
2024-05-23 18:20:40,24.4
2024-05-23 18:20:46,24.4
2024-05-23 18:20:51,24.4
2024-05-23 18:20:57,24.4
2024-05-23 18:21:03,24.4
2024-05-23 18:21:08,24.4
2024-05-23 18:21:14,24.4
2024-05-23 18:21:20,24.4
2024-05-23 18:21:25,24.4
2024-05-23 18:21:32,24.4
2024-05-23 18:21:38,24.4
2024-05-23 18:21:44,24.4
2024-05-23 18:21:49,24.4
2024-05-23 18:21:55,24.4
2024-05-23 18:22:00,24.4
2024-05-23 18:22:06,24.4
2024-05-23 18:22:12,24.4
2024-05-23 18:22:17,24.4
2024-05-23 18:22:23,24.4
2024-05-23 18:22:29,24.4
2024-05-23 18:22:34,24.4
2024-05-23 18:22:40,24.4
2024-05-23 18:22:45,24.4
2024-05-23 18:22:51,24.4
2024-05-23 18:22:57,24.4
2024-05-23 18:23:02,24.4
2024-05-23 18:23:08,24.4
2024-05-23 18:23:13,24.4
2024-05-23 18:23:19,24.4
2024-05-23 18:23:25,24.4
2024-05-23 18:23:30,24.3
2024-05-23 18:23:36,24.3
2024-05-23 18:23:42,24.3
2024-05-23 18:23:47,24.3
2024-05-23 18:23:53,24.3
2024-05-23 18:23:59,24.3
2024-05-23 18:24:04,24.3
2024-05-23 18:24:10,24.3
2024-05-23 18:24:15,24.3
2024-05-23 18:24:21,24.3
2024-05-23 18:24:27,24.3
2024-05-23 18:24:32,24.3
2024-05-23 18:24:38,24.3
2024-05-23 18:24:44,24.3
2024-05-23 18:24:49,24.3
2024-05-23 18:24:55,24.3
2024-05-23 18:25:01,24.3
2024-05-23 18:25:06,24.3
2024-05-23 18:25:12,24.3
2024-05-23 18:25:18,24.3
2024-05-23 18:25:23,24.3
2024-05-23 18:25:29,24.3
2024-05-23 18:25:34,24.3
2024-05-23 18:25:40,24.3
2024-05-23 18:25:46,24.3
2024-05-23 18:25:51,24.3
2024-05-23 18:25:57,24.3
2024-05-23 18:26:03,24.3
2024-05-23 18:26:08,24.3
2024-05-23 18:26:14,24.3
2024-05-23 18:26:20,24.3
2024-05-23 18:26:25,24.3
2024-05-23 18:26:31,24.3
2024-05-23 18:26:37,24.3
2024-05-23 18:26:42,24.3
2024-05-23 18:26:48,24.3
2024-05-23 18:26:53,24.3
2024-05-23 18:26:59,24.3
2024-05-23 18:27:05,24.3
2024-05-23 18:27:10,24.3
2024-05-23 18:27:16,24.3
2024-05-23 18:27:22,24.3
2024-05-23 18:27:27,24.3
2024-05-23 18:27:33,24.3
2024-05-23 18:27:39,24.3
2024-05-23 18:27:44,24.3
2024-05-23 18:27:50,24.3
2024-05-23 18:27:56,24.3
2024-05-23 18:28:01,24.3
2024-05-23 18:28:07,24.3
2024-05-23 18:28:12,24.3
2024-05-23 18:28:18,24.3
2024-05-23 18:28:24,24.3
2024-05-23 18:28:29,24.3
2024-05-23 18:28:35,24.3
2024-05-23 18:28:41,24.3
2024-05-23 18:28:46,24.3
2024-05-23 18:28:52,24.3
2024-05-23 18:28:57,24.3
2024-05-23 18:29:03,24.3
2024-05-23 18:29:09,24.3
2024-05-23 18:29:14,24.3
2024-05-23 18:29:20,24.3
2024-05-23 18:29:26,24.3
2024-05-23 18:29:31,24.3
2024-05-23 18:29:37,24.3
2024-05-23 18:29:43,24.3
2024-05-23 18:29:49,24.3
2024-05-23 18:29:55,24.3
2024-05-23 18:30:00,24.3
2024-05-23 18:30:06,24.3
2024-05-23 18:30:12,24.3
2024-05-23 18:30:18,24.3
2024-05-23 18:30:23,24.3
2024-05-23 18:30:29,24.3
2024-05-23 18:30:34,24.3
2024-05-23 18:30:40,24.3
2024-05-23 18:30:46,24.3
2024-05-23 18:30:51,24.3
2024-05-23 18:30:57,24.3
2024-05-23 18:31:03,24.3
2024-05-23 18:31:08,24.3
2024-05-23 18:31:14,24.3
2024-05-23 18:31:20,24.3
2024-05-23 18:31:25,24.3
2024-05-23 18:31:31,24.3
2024-05-23 18:31:37,24.2
2024-05-23 18:31:42,24.2
2024-05-23 18:31:48,24.2
2024-05-23 18:31:54,24.2
2024-05-23 18:32:00,24.2
2024-05-23 18:32:05,24.2
2024-05-23 18:32:11,24.2
2024-05-23 18:32:17,24.2
2024-05-23 18:32:22,24.2
2024-05-23 18:32:28,24.2
2024-05-23 18:32:34,24.2
2024-05-23 18:32:39,24.2
2024-05-23 18:32:45,24.2
2024-05-23 18:32:50,24.2
2024-05-23 18:32:56,24.2
2024-05-23 18:33:02,24.2
2024-05-23 18:33:07,24.1
2024-05-23 18:33:13,24.2
2024-05-23 18:33:18,24.1
2024-05-23 18:33:24,24.1
2024-05-23 18:33:30,24.1
2024-05-23 18:33:35,24.1
2024-05-23 18:33:41,24.1
2024-05-23 18:33:47,24.1
2024-05-23 18:33:52,24.1
2024-05-23 18:34:00,24.1
2024-05-23 18:34:06,24.1
2024-05-23 18:34:11,24.1
2024-05-23 18:34:17,24.1
2024-05-23 18:34:22,24.1
2024-05-23 18:34:28,24.1
2024-05-23 18:34:34,24.1
2024-05-23 18:34:39,24.1
2024-05-23 18:34:45,24.1
2024-05-23 18:34:51,24.1
2024-05-23 18:34:56,24.1
2024-05-23 18:35:02,24.1
2024-05-23 18:35:08,24.1
2024-05-23 18:35:13,24
2024-05-23 18:35:19,24
2024-05-23 18:35:25,24
2024-05-23 18:35:30,24
2024-05-23 18:35:36,24.1
2024-05-23 18:35:41,24
2024-05-23 18:35:47,24
2024-05-23 18:35:53,24.1
2024-05-23 18:35:58,24.1
2024-05-23 18:36:04,24.1
2024-05-23 18:36:10,24.1
2024-05-23 18:36:15,24.1
2024-05-23 18:36:21,24.1
2024-05-23 18:36:27,24.1
2024-05-23 18:36:32,24.1
2024-05-23 18:36:38,24.1
2024-05-23 18:36:43,24.1
2024-05-23 18:36:49,24.1
2024-05-23 18:36:55,24.1
2024-05-23 18:37:00,24.1
2024-05-23 18:37:06,24.1
2024-05-23 18:37:12,24.2
2024-05-23 18:37:17,24.2
2024-05-23 18:37:23,24.2
2024-05-23 18:37:29,24.2
2024-05-23 18:37:34,24.2
2024-05-23 18:37:40,24.2
2024-05-23 18:37:45,24.2
2024-05-23 18:37:51,24.2
2024-05-23 18:37:57,24.2
2024-05-23 18:38:02,24.2
2024-05-23 18:38:08,24.3
2024-05-23 18:38:14,24.3
2024-05-23 18:38:19,24.3
2024-05-23 18:38:25,24.3
2024-05-23 18:38:30,24.3
2024-05-23 18:38:36,24.3
2024-05-23 18:38:42,24.3
2024-05-23 18:38:47,24.3
2024-05-23 18:38:53,24.3
2024-05-23 18:38:59,24.3
2024-05-23 18:39:04,24.3
2024-05-23 18:39:10,24.3
2024-05-23 18:39:16,24.3
2024-05-23 18:39:21,24.3
2024-05-23 18:39:27,24.3
2024-05-23 18:39:32,24.3
2024-05-23 18:39:38,24.4
2024-05-23 18:39:44,24.4
2024-05-23 18:39:49,24.4
2024-05-23 18:39:55,24.4
2024-05-23 18:40:01,24.4
2024-05-23 18:40:06,24.4
2024-05-23 18:40:12,24.4
2024-05-23 18:40:18,24.4
2024-05-23 18:40:23,24.4
2024-05-23 18:40:29,24.4
2024-05-23 18:40:35,24.4
2024-05-23 18:40:40,24.4
2024-05-23 18:40:46,24.4
2024-05-23 18:40:51,24.3
2024-05-23 18:40:57,24.3
2024-05-23 18:41:03,24.3
2024-05-23 18:41:08,24.3
2024-05-23 18:41:16,24.3
2024-05-23 18:41:21,24.3
2024-05-23 18:41:27,24.3
2024-05-23 18:41:33,24.3
2024-05-23 18:41:38,24.3
2024-05-23 18:41:44,24.3
2024-05-23 18:41:50,24.3
2024-05-23 18:41:55,24.3
2024-05-23 18:42:01,24.3
2024-05-23 18:42:06,24.3
2024-05-23 18:42:12,24.3
2024-05-23 18:42:18,24.3
2024-05-23 18:42:23,24.4
2024-05-23 18:42:29,24.4
2024-05-23 18:42:35,24.4
2024-05-23 18:42:40,24.4
2024-05-23 18:42:46,24.4
2024-05-23 18:42:52,24.4
2024-05-23 18:42:57,24.4
2024-05-23 18:43:03,24.4
2024-05-23 18:43:09,24.4
2024-05-23 18:43:14,24.4
2024-05-23 18:43:20,24.4
2024-05-23 18:43:26,24.4
2024-05-23 18:43:31,24.4
2024-05-23 18:43:37,24.4
2024-05-23 18:43:42,24.4
2024-05-23 18:43:48,24.4
2024-05-23 18:43:54,24.4
2024-05-23 18:43:59,24.4
2024-05-23 18:44:05,24.4
2024-05-23 18:44:11,24.4
2024-05-23 18:44:16,24.4
2024-05-23 18:44:23,24.4
2024-05-23 18:44:29,24.4
2024-05-23 18:44:34,24.4
2024-05-23 18:44:40,24.4
2024-05-23 18:44:45,24.4
2024-05-23 18:44:51,24.4
2024-05-23 18:44:57,24.4
2024-05-23 18:45:02,24.4
2024-05-23 18:45:08,24.4
2024-05-23 18:45:14,24.4
2024-05-23 18:45:20,24.4
2024-05-23 18:45:26,24.4
2024-05-23 18:45:31,24.5
2024-05-23 18:45:37,24.5
2024-05-23 18:45:43,24.5
2024-05-23 18:45:48,24.5
2024-05-23 18:45:54,24.5
2024-05-23 18:46:00,24.5
2024-05-23 18:46:05,24.5
2024-05-23 18:46:11,24.5
2024-05-23 18:46:17,24.5
2024-05-23 18:46:22,24.5
2024-05-23 18:46:28,24.5
2024-05-23 18:46:33,24.5
2024-05-23 18:46:39,24.5
2024-05-23 18:46:45,24.5
2024-05-23 18:46:50,24.5
2024-05-23 18:46:56,24.5
2024-05-23 18:47:02,24.5
2024-05-23 18:47:07,24.5
2024-05-23 18:47:13,24.5
2024-05-23 18:47:19,24.5
2024-05-23 18:47:24,24.5
2024-05-23 18:47:32,24.5
2024-05-23 18:47:37,24.5
2024-05-23 18:47:43,24.5
2024-05-23 18:47:49,24.5
2024-05-23 18:47:54,24.5
2024-05-23 18:48:00,24.5
2024-05-23 18:48:05,24.5
2024-05-23 18:48:11,24.5
2024-05-23 18:48:17,24.5
2024-05-23 18:48:23,24.5
2024-05-23 18:48:28,24.5
2024-05-23 18:48:34,24.5
2024-05-23 18:48:40,24.5
2024-05-23 18:48:45,24.5
2024-05-23 18:48:51,24.5
2024-05-23 18:48:57,24.5
2024-05-23 18:49:02,24.5
2024-05-23 18:49:08,24.5
2024-05-23 18:49:14,24.5
2024-05-23 18:49:19,24.5
2024-05-23 18:49:25,24.5
2024-05-23 18:49:31,24.5
2024-05-23 18:49:36,24.5
2024-05-23 18:49:42,24.5
2024-05-23 18:49:47,24.5
2024-05-23 18:49:53,24.5
2024-05-23 18:49:59,24.5
2024-05-23 18:50:04,24.5
2024-05-23 18:50:10,24.5
2024-05-23 18:50:16,24.5
2024-05-23 18:50:21,24.5
2024-05-23 18:50:27,24.5
2024-05-23 18:50:32,24.5
2024-05-23 18:50:39,24.5
2024-05-23 18:50:45,24.5
2024-05-23 18:50:51,24.5
2024-05-23 18:50:56,24.5
2024-05-23 18:51:02,24.5
2024-05-23 18:51:07,24.5
2024-05-23 18:51:13,24.5
2024-05-23 18:51:19,24.5
2024-05-23 18:51:24,24.5
2024-05-23 18:51:30,24.5
2024-05-23 18:51:36,24.5
2024-05-23 18:51:42,24.5
2024-05-23 18:51:48,24.5
2024-05-23 18:51:53,24.5
2024-05-23 18:51:59,24.5
2024-05-23 18:52:05,24.5
2024-05-23 18:52:10,24.5
2024-05-23 18:52:16,24.5
2024-05-23 18:52:22,24.5
2024-05-23 18:52:27,24.5
2024-05-23 18:52:33,24.5
2024-05-23 18:52:38,24.5
2024-05-23 18:52:46,24.5
2024-05-23 18:52:51,24.5
2024-05-23 18:52:57,24.5
2024-05-23 18:53:03,24.5
2024-05-23 18:53:08,24.5
2024-05-23 18:53:14,24.5
2024-05-23 18:53:20,24.6
2024-05-23 18:53:25,24.6
2024-05-23 18:53:31,24.6
2024-05-23 18:53:37,24.6
2024-05-23 18:53:42,24.6
2024-05-23 18:53:48,24.6
2024-05-23 18:53:54,24.6
2024-05-23 18:53:59,24.6
2024-05-23 18:54:05,24.6
2024-05-23 18:54:10,24.6
2024-05-23 18:54:16,24.6
2024-05-23 18:54:22,24.6
2024-05-23 18:54:27,24.6
2024-05-23 18:54:33,24.6
2024-05-23 18:54:39,24.6
2024-05-23 18:54:44,24.6
2024-05-23 18:54:50,24.6
2024-05-23 18:54:55,24.6
2024-05-23 18:55:01,24.6
2024-05-23 18:55:07,24.6
2024-05-23 18:55:12,24.6
2024-05-23 18:55:18,24.6
2024-05-23 18:55:24,24.6
2024-05-23 18:55:29,24.6
2024-05-23 18:55:35,24.6
2024-05-23 18:55:41,24.6
2024-05-23 18:55:46,24.6
2024-05-23 18:55:52,24.6
2024-05-23 18:55:58,24.6
2024-05-23 18:56:03,24.6
2024-05-23 18:56:09,24.6
2024-05-23 18:56:15,24.6
2024-05-23 18:56:20,24.6
2024-05-23 18:56:26,24.6
2024-05-23 18:56:31,24.6
2024-05-23 18:56:37,24.6
2024-05-23 18:56:43,24.6
2024-05-23 18:56:48,24.6
2024-05-23 18:56:54,24.6
2024-05-23 18:57:00,24.6
2024-05-23 18:57:05,24.6
2024-05-23 18:57:11,24.6
2024-05-23 18:57:17,24.6
2024-05-23 18:57:22,24.6
2024-05-23 18:57:28,24.6
2024-05-23 18:57:34,24.6
2024-05-23 18:57:39,24.6
2024-05-23 18:57:45,24.6
2024-05-23 18:57:50,24.6
2024-05-23 18:57:58,24.6
2024-05-23 18:58:03,24.6
2024-05-23 18:58:09,24.6
2024-05-23 18:58:15,24.6
2024-05-23 18:58:20,24.6
2024-05-23 18:58:26,24.6
2024-05-23 18:58:32,24.6
2024-05-23 18:58:37,24.6
2024-05-23 18:58:43,24.6
2024-05-23 18:58:49,24.6
2024-05-23 18:58:54,24.6
2024-05-23 18:59:00,24.6
2024-05-23 18:59:06,24.6
2024-05-23 18:59:11,24.6
2024-05-23 18:59:17,24.6
2024-05-23 18:59:23,24.6
2024-05-23 18:59:28,24.7
2024-05-23 18:59:34,24.7
2024-05-23 18:59:40,24.7
2024-05-23 18:59:45,24.6
2024-05-23 18:59:51,24.7
2024-05-23 18:59:56,24.7
2024-05-23 19:00:03,24.7
2024-05-23 19:00:09,24.7
2024-05-23 19:00:14,24.7
2024-05-23 19:00:20,24.7
2024-05-23 19:00:26,24.7
2024-05-23 19:00:32,24.7
2024-05-23 19:00:37,24.7
2024-05-23 19:00:43,24.7
2024-05-23 19:00:49,24.7
2024-05-23 19:00:54,24.7
2024-05-23 19:01:00,24.7
2024-05-23 19:01:06,24.7
2024-05-23 19:01:11,24.7
2024-05-23 19:01:17,24.7
2024-05-23 19:01:22,24.7
2024-05-23 19:01:28,24.7
2024-05-23 19:01:34,24.7
2024-05-23 19:01:39,24.7
2024-05-23 19:01:45,24.7
2024-05-23 19:01:51,24.7
2024-05-23 19:01:56,24.7
2024-05-23 19:02:02,24.7
2024-05-23 19:02:09,24.7
2024-05-23 19:02:14,24.7
2024-05-23 19:02:20,24.7
2024-05-23 19:02:26,24.7
2024-05-23 19:02:31,24.7
2024-05-23 19:02:37,24.7
2024-05-23 19:02:42,24.7
2024-05-23 19:02:48,24.7
2024-05-23 19:02:54,24.7
2024-05-23 19:02:59,24.7
2024-05-23 19:03:05,24.7
2024-05-23 19:03:11,24.7
2024-05-23 19:03:16,24.7
2024-05-23 19:03:22,24.7
2024-05-23 19:03:28,24.7
2024-05-23 19:03:33,24.7
2024-05-23 19:03:39,24.7
2024-05-23 19:03:44,24.7
2024-05-23 19:03:50,24.7
2024-05-23 19:03:56,24.7
2024-05-23 19:04:01,24.7
2024-05-23 19:04:07,24.7
2024-05-23 19:04:13,24.7
2024-05-23 19:04:18,24.7
2024-05-23 19:04:24,24.7
2024-05-23 19:04:29,24.7
2024-05-23 19:04:35,24.7
2024-05-23 19:04:41,24.7
2024-05-23 19:04:46,24.7
2024-05-23 19:04:52,24.7
2024-05-23 19:04:58,24.7
2024-05-23 19:05:03,24.7
2024-05-23 19:05:09,24.7
2024-05-23 19:05:16,24.7
2024-05-23 19:05:21,24.7
2024-05-23 19:05:27,24.7
2024-05-23 19:05:33,24.7
2024-05-23 19:05:38,24.7
2024-05-23 19:05:44,24.7
2024-05-23 19:05:49,24.7
2024-05-23 19:05:55,24.7
2024-05-23 19:06:01,24.7
2024-05-23 19:06:07,24.7
2024-05-23 19:06:12,24.7
2024-05-23 19:06:18,24.7
2024-05-23 19:06:24,24.7
2024-05-23 19:06:30,24.7
2024-05-23 19:06:35,24.7
2024-05-23 19:06:41,24.7
2024-05-23 19:06:46,24.7
2024-05-23 19:06:52,24.7
2024-05-23 19:06:58,24.7
2024-05-23 19:07:03,24.7
2024-05-23 19:07:09,24.7
2024-05-23 19:07:15,24.7
2024-05-23 19:07:21,24.7
2024-05-23 19:07:27,24.7
2024-05-23 19:07:32,24.7
2024-05-23 19:07:38,24.7
2024-05-23 19:07:44,24.7
2024-05-23 19:07:49,24.7
2024-05-23 19:07:55,24.7
2024-05-23 19:08:01,24.7
2024-05-23 19:08:07,24.7
2024-05-23 19:08:12,24.7
2024-05-23 19:08:18,24.7
2024-05-23 19:08:24,24.7
2024-05-23 19:08:30,24.7
2024-05-23 19:08:35,24.7
2024-05-23 19:08:41,24.7
2024-05-23 19:08:47,24.7
2024-05-23 19:08:52,24.7
2024-05-23 19:08:58,24.7
2024-05-23 19:09:04,24.7
2024-05-23 19:09:09,24.7
2024-05-23 19:09:15,24.7
2024-05-23 19:09:20,24.7
2024-05-23 19:09:26,24.7
2024-05-23 19:09:32,24.7
2024-05-23 19:09:37,24.7
2024-05-23 19:09:43,24.7
2024-05-23 19:09:49,24.7
2024-05-23 19:09:54,24.7
2024-05-23 19:10:00,24.7
2024-05-23 19:10:06,24.7
2024-05-23 19:10:11,24.7
2024-05-23 19:10:17,24.7
2024-05-23 19:10:23,24.7
2024-05-23 19:10:29,24.7
2024-05-23 19:10:35,24.7
2024-05-23 19:10:40,24.7
2024-05-23 19:10:46,24.7
2024-05-23 19:10:51,24.7
2024-05-23 19:10:57,24.6
2024-05-23 19:11:03,24.6
2024-05-23 19:11:08,24.6
2024-05-23 19:11:14,24.6
2024-05-23 19:11:20,24.6
2024-05-23 19:11:25,24.6
2024-05-23 19:11:31,24.6
2024-05-23 19:11:37,24.6
2024-05-23 19:11:42,24.6
2024-05-23 19:11:48,24.6
2024-05-23 19:11:54,24.5
2024-05-23 19:11:59,24.5
2024-05-23 19:12:05,24.5
2024-05-23 19:12:11,24.5
2024-05-23 19:12:16,24.5
2024-05-23 19:12:22,24.5
2024-05-23 19:12:28,24.5
2024-05-23 19:12:33,24.5
2024-05-23 19:12:39,24.5
2024-05-23 19:12:45,24.5
2024-05-23 19:12:50,24.5
2024-05-23 19:12:56,24.5
2024-05-23 19:13:01,24.5
2024-05-23 19:13:07,24.5
2024-05-23 19:13:13,24.5
2024-05-23 19:13:18,24.5
2024-05-23 19:13:24,24.5
2024-05-23 19:13:30,24.5
2024-05-23 19:13:35,24.5
2024-05-23 19:13:41,24.5
2024-05-23 19:13:47,24.5
2024-05-23 19:13:52,24.5
2024-05-23 19:13:58,24.5
2024-05-23 19:14:04,24.5
2024-05-23 19:14:09,24.5
2024-05-23 19:14:15,24.5
2024-05-23 19:14:20,24.5
2024-05-23 19:14:26,24.5
2024-05-23 19:14:32,24.5
2024-05-23 19:14:38,24.5
2024-05-23 19:14:44,24.6
2024-05-23 19:14:50,24.6
2024-05-23 19:14:55,24.6
2024-05-23 19:15:01,24.6
2024-05-23 19:15:06,24.6
2024-05-23 19:15:12,24.6
2024-05-23 19:15:18,24.6
2024-05-23 19:15:23,24.6
2024-05-23 19:15:29,24.6
2024-05-23 19:15:35,24.6
2024-05-23 19:15:40,24.6
2024-05-23 19:15:46,24.6
2024-05-23 19:15:52,24.6
2024-05-23 19:15:57,24.6
2024-05-23 19:16:03,24.6
2024-05-23 19:16:09,24.6
2024-05-23 19:16:14,24.6
2024-05-23 19:16:20,24.6
2024-05-23 19:16:26,24.6
2024-05-23 19:16:31,24.6
2024-05-23 19:16:37,24.6
2024-05-23 19:16:43,24.6
2024-05-23 19:16:48,24.6
2024-05-23 19:16:54,24.6
2024-05-23 19:17:00,24.6
2024-05-23 19:17:05,24.6
2024-05-23 19:17:11,24.6
2024-05-23 19:17:16,24.6
2024-05-23 19:17:22,24.6
2024-05-23 19:17:28,24.6
2024-05-23 19:17:33,24.6
2024-05-23 19:17:39,24.6
2024-05-23 19:17:45,24.6
2024-05-23 19:17:51,24.6
2024-05-23 19:17:57,24.6
2024-05-23 19:18:02,24.6
2024-05-23 19:18:08,24.6
2024-05-23 19:18:13,24.6
2024-05-23 19:18:19,24.6
2024-05-23 19:18:25,24.6
2024-05-23 19:18:30,24.6
2024-05-23 19:18:36,24.6
2024-05-23 19:18:42,24.6
2024-05-23 19:18:47,24.6
2024-05-23 19:18:53,24.6
2024-05-23 19:18:59,24.6
2024-05-23 19:19:04,24.6
2024-05-23 19:19:10,24.6
2024-05-23 19:19:16,24.6
2024-05-23 19:19:21,24.6
2024-05-23 19:19:27,24.6
2024-05-23 19:19:33,24.6
2024-05-23 19:19:38,24.6
2024-05-23 19:19:44,24.6
2024-05-23 19:19:50,24.6
2024-05-23 19:19:56,24.6
2024-05-23 19:20:02,24.6
2024-05-23 19:20:08,24.6
2024-05-23 19:20:13,24.6
2024-05-23 19:20:19,24.6
2024-05-23 19:20:25,24.6
2024-05-23 19:20:30,24.6
2024-05-23 19:20:36,24.6
2024-05-23 19:20:42,24.6
2024-05-23 19:20:47,24.6
2024-05-23 19:20:54,24.6
2024-05-23 19:20:59,24.6
2024-05-23 19:21:05,24.6
2024-05-23 19:21:10,24.6
2024-05-23 19:21:16,24.6
2024-05-23 19:21:22,24.6
2024-05-23 19:21:27,24.6
2024-05-23 19:21:33,24.6
2024-05-23 19:21:39,24.6
2024-05-23 19:21:44,24.6
2024-05-23 19:21:50,24.6
2024-05-23 19:21:56,24.6
2024-05-23 19:22:01,24.6
2024-05-23 19:22:07,24.6
2024-05-23 19:22:13,24.6
2024-05-23 19:22:18,24.6
2024-05-23 19:22:24,24.6
2024-05-23 19:22:29,24.6
2024-05-23 19:22:35,24.6
2024-05-23 19:22:41,24.6
2024-05-23 19:22:46,24.7
2024-05-23 19:22:52,24.7
2024-05-23 19:22:58,24.7
2024-05-23 19:23:03,24.7
2024-05-23 19:23:09,24.7
2024-05-23 19:23:15,24.7
2024-05-23 19:23:20,24.7
2024-05-23 19:23:26,24.7
2024-05-23 19:23:31,24.7
2024-05-23 19:23:37,24.7
2024-05-23 19:23:43,24.7
2024-05-23 19:23:48,24.7
2024-05-23 19:23:54,24.7
2024-05-23 19:24:00,24.7
2024-05-23 19:24:05,24.7
2024-05-23 19:24:11,24.7
2024-05-23 19:24:17,24.7
2024-05-23 19:24:22,24.7
2024-05-23 19:24:28,24.7
2024-05-23 19:24:34,24.7
2024-05-23 19:24:39,24.7
2024-05-23 19:24:45,24.7
2024-05-23 19:24:51,24.7
2024-05-23 19:24:56,24.7
2024-05-23 19:25:03,24.7
2024-05-23 19:25:08,24.7
2024-05-23 19:25:14,24.7
2024-05-23 19:25:20,24.7
2024-05-23 19:25:25,24.7
2024-05-23 19:25:31,24.7
2024-05-23 19:25:37,24.7
2024-05-23 19:25:42,24.7
2024-05-23 19:25:48,24.7
2024-05-23 19:25:54,24.7
2024-05-23 19:25:59,24.7
2024-05-23 19:26:07,24.7
2024-05-23 19:26:12,24.7
2024-05-23 19:26:18,24.7
2024-05-23 19:26:24,24.7
2024-05-23 19:26:29,24.7
2024-05-23 19:26:35,24.7
2024-05-23 19:26:40,24.7
2024-05-23 19:26:46,24.7
2024-05-23 19:26:52,24.7
2024-05-23 19:26:57,24.7
2024-05-23 19:27:03,24.7
2024-05-23 19:27:09,24.7
2024-05-23 19:27:14,24.7
2024-05-23 19:27:20,24.7
2024-05-23 19:27:26,24.7
2024-05-23 19:27:31,24.7
2024-05-23 19:27:37,24.7
2024-05-23 19:27:42,24.7
2024-05-23 19:27:48,24.7
2024-05-23 19:27:54,24.7
2024-05-23 19:27:59,24.7
2024-05-23 19:28:05,24.7
2024-05-23 19:28:11,24.7
2024-05-23 19:28:16,24.7
2024-05-23 19:28:22,24.7
2024-05-23 19:28:28,24.7
2024-05-23 19:28:33,24.7
2024-05-23 19:28:39,24.7
2024-05-23 19:28:44,24.7
2024-05-23 19:28:50,24.7
2024-05-23 19:28:56,24.7
2024-05-23 19:29:01,24.7
2024-05-23 19:29:07,24.7
2024-05-23 19:29:14,24.7
2024-05-23 19:29:19,24.7
2024-05-23 19:29:25,24.7
2024-05-23 19:29:30,24.7
2024-05-23 19:29:36,24.7
2024-05-23 19:29:42,24.7
2024-05-23 19:29:47,24.7
2024-05-23 19:29:53,24.7
2024-05-23 19:29:58,24.7
2024-05-23 19:30:04,24.7
2024-05-23 19:30:10,24.7
2024-05-23 19:30:15,24.7
2024-05-23 19:30:21,24.7
2024-05-23 19:30:27,24.7
2024-05-23 19:30:32,24.7
2024-05-23 19:30:38,24.7
2024-05-23 19:30:44,24.7
2024-05-23 19:30:49,24.7
2024-05-23 19:30:55,24.7
2024-05-23 19:31:00,24.7
2024-05-23 19:31:06,24.7
2024-05-23 19:31:12,24.7
2024-05-23 19:31:17,24.7
2024-05-23 19:31:23,24.7
2024-05-23 19:31:29,24.7
2024-05-23 19:31:34,24.7
2024-05-23 19:31:40,24.7
2024-05-23 19:31:46,24.7
2024-05-23 19:31:51,24.7
2024-05-23 19:31:57,24.7
2024-05-23 19:32:02,24.7
2024-05-23 19:32:08,24.7
2024-05-23 19:32:14,24.7
2024-05-23 19:32:20,24.7
2024-05-23 19:32:26,24.7
2024-05-23 19:32:31,24.7
2024-05-23 19:32:37,24.7
2024-05-23 19:32:43,24.7
2024-05-23 19:32:48,24.7
2024-05-23 19:32:54,24.7
2024-05-23 19:33:00,24.7
2024-05-23 19:33:05,24.7
2024-05-23 19:33:11,24.7
2024-05-23 19:33:17,24.7
2024-05-23 19:33:22,24.7
2024-05-23 19:33:28,24.7
2024-05-23 19:33:33,24.7
2024-05-23 19:33:39,24.7
2024-05-23 19:33:45,24.7
2024-05-23 19:33:50,24.7
2024-05-23 19:33:56,24.7
2024-05-23 19:34:02,24.7
2024-05-23 19:34:07,24.7
2024-05-23 19:34:13,24.7
2024-05-23 19:34:18,24.7
2024-05-23 19:34:25,24.7
2024-05-23 19:34:31,24.7
2024-05-23 19:34:36,24.7
2024-05-23 19:34:42,24.7
2024-05-23 19:34:48,24.7
2024-05-23 19:34:53,24.7
2024-05-23 19:34:59,24.7
2024-05-23 19:35:05,24.7
2024-05-23 19:35:10,24.7
2024-05-23 19:35:16,24.7
2024-05-23 19:35:21,24.7
2024-05-23 19:35:29,24.7
2024-05-23 19:35:35,24.7
2024-05-23 19:35:40,24.7
2024-05-23 19:35:46,24.7
2024-05-23 19:35:51,24.7
2024-05-23 19:35:57,24.7
2024-05-23 19:36:03,24.7
2024-05-23 19:36:09,24.7
2024-05-23 19:36:14,24.7
2024-05-23 19:36:20,24.7
2024-05-23 19:36:26,24.7
2024-05-23 19:36:34,24.7
2024-05-23 19:36:40,24.7
2024-05-23 19:36:45,24.7
2024-05-23 19:36:51,24.7
2024-05-23 19:36:57,24.7
2024-05-23 19:37:02,24.7
2024-05-23 19:37:08,24.7
2024-05-23 19:37:14,24.7
2024-05-23 19:37:19,24.7
2024-05-23 19:37:25,24.7
2024-05-23 19:37:31,24.7
2024-05-23 19:37:36,24.7
2024-05-23 19:37:42,24.7
2024-05-23 19:37:48,24.7
2024-05-23 19:37:53,24.7
2024-05-23 19:37:59,24.7
2024-05-23 19:38:05,24.7
2024-05-23 19:38:10,24.7
2024-05-23 19:38:16,24.7
2024-05-23 19:38:22,24.7
2024-05-23 19:38:28,24.7
2024-05-23 19:38:33,24.7
2024-05-23 19:38:39,24.7
2024-05-23 19:38:45,24.7
2024-05-23 19:38:51,24.7
2024-05-23 19:38:56,24.7
2024-05-23 19:39:02,24.7
2024-05-23 19:39:07,24.7
2024-05-23 19:39:13,24.7
2024-05-23 19:39:19,24.7
2024-05-23 19:39:25,24.7
2024-05-23 19:39:30,24.7
2024-05-23 19:39:36,24.7
2024-05-23 19:39:43,24.7
2024-05-23 19:39:49,24.7
2024-05-23 19:39:55,24.7
2024-05-23 19:40:00,24.7
2024-05-23 19:40:06,24.7
2024-05-23 19:40:12,24.7
2024-05-23 19:40:17,24.7
2024-05-23 19:40:23,24.7
2024-05-23 19:40:29,24.7
2024-05-23 19:40:34,24.7
2024-05-23 19:40:40,24.7
2024-05-23 19:40:46,24.7
2024-05-23 19:40:51,24.7
2024-05-23 19:40:57,24.7
2024-05-23 19:41:02,24.7
2024-05-23 19:41:08,24.7
2024-05-23 19:41:14,24.7
2024-05-23 19:41:19,24.7
2024-05-23 19:41:25,24.7
2024-05-23 19:41:31,24.7
2024-05-23 19:41:36,24.7